{
    "avg_mae": 1.5661051691093402,
    "avg_rmse": 2.1856556040299338,
    "avg_wmape": 27394.945782036804
}